Time Stamp,ID,Extended,Dir,Bus,LEN,D1,D2,D3,D4,D5,D6,D7,D8
26600,000003A1,false,Rx,0,8,08,4A,0C,0A,00,50,62,DA,
77300,000003A1,false,Rx,0,8,C3,FF,FF,B7,3E,00,70,E6,
126800,000003A1,false,Rx,0,8,08,4A,0C,0A,00,50,82,FA,
176800,000003A1,false,Rx,0,8,C3,FF,FF,CD,3E,00,90,1C,
226800,000003A1,false,Rx,0,8,08,4A,0C,0A,00,50,A2,1A,
276800,000003A1,false,Rx,0,8,C3,FF,FF,BF,3E,00,B0,2E,
326600,000003A1,false,Rx,0,8,08,4A,0C,0A,00,50,C2,3A,
376900,000003A1,false,Rx,0,8,C3,FF,FF,A5,3E,00,D0,34,
426900,000003A1,false,Rx,0,8,08,4A,0C,0A,00,50,E2,5A,
476600,000003A1,false,Rx,0,8,C3,FF,FF,AB,3E,00,F0,5A,
526900,000003A1,false,Rx,0,8,08,4A,0C,0A,00,50,02,7A,
576900,000003A1,false,Rx,0,8,C3,FF,FF,AD,3E,00,10,7C,
626700,000003A1,false,Rx,0,8,08,4A,0C,0A,00,50,22,9A,
676900,000003A1,false,Rx,0,8,C3,FF,FF,CD,3E,00,30,BC,
726700,000003A1,false,Rx,0,8,08,4A,0C,0A,00,50,42,BA,
777100,000003A1,false,Rx,0,8,C3,FF,FF,B1,3E,00,50,C0,
826800,000003A1,false,Rx,0,8,08,4A,0C,0A,00,50,62,DA,
876900,000003A1,false,Rx,0,8,C3,FF,FF,B1,3E,00,70,E0,
926900,000003A1,false,Rx,0,8,08,4A,0C,0A,00,50,82,FA,
976800,000003A1,false,Rx,0,8,C3,FF,FF,B1,3E,00,90,00,
1026700,000003A1,false,Rx,0,8,08,4A,0C,0A,00,50,A2,1A,
1076800,000003A1,false,Rx,0,8,C3,FF,FF,BD,3E,00,B0,2C,
1126900,000003A1,false,Rx,0,8,08,4A,0C,0A,00,50,C2,3A,
1177100,000003A1,false,Rx,0,8,C3,FF,FF,B9,3E,00,D0,48,
1226700,000003A1,false,Rx,0,8,08,4A,0C,0A,00,50,E2,5A,
1276900,000003A1,false,Rx,0,8,C3,FF,FF,B3,3E,00,F0,62,
1326900,000003A1,false,Rx,0,8,08,4A,0C,0A,00,50,02,7A,
1377100,000003A1,false,Rx,0,8,C3,FF,FF,B9,3E,00,10,88,
1426700,000003A1,false,Rx,0,8,08,4A,0C,0A,00,50,22,9A,
1477000,000003A1,false,Rx,0,8,C3,FF,FF,B9,3E,00,30,A8,
1526800,000003A1,false,Rx,0,8,08,4A,0C,0A,00,50,42,BA,
1576900,000003A1,false,Rx,0,8,C3,FF,FF,AF,3E,00,50,BE,
1626800,000003A1,false,Rx,0,8,08,4A,0C,0A,00,50,62,DA,
1676900,000003A1,false,Rx,0,8,C3,FF,FF,BB,3E,00,70,EA,
1727000,000003A1,false,Rx,0,8,08,4A,0C,0A,00,50,82,FA,
1776900,000003A1,false,Rx,0,8,C3,FF,FF,AF,3E,00,90,FE,
1827100,000003A1,false,Rx,0,8,08,4A,0C,0A,00,50,A2,1A,
1876900,000003A1,false,Rx,0,8,C3,FF,FF,BD,3E,00,B0,2C,
1926800,000003A1,false,Rx,0,8,08,4A,0C,0A,00,50,C2,3A,
1976900,000003A1,false,Rx,0,8,C3,FF,FF,B1,3E,00,D0,40,
2026800,000003A1,false,Rx,0,8,08,4A,0C,0A,00,50,E2,5A,
2076900,000003A1,false,Rx,0,8,C3,FF,FF,B1,3E,00,F0,60,
2127200,000003A1,false,Rx,0,8,08,4A,0C,0A,00,50,02,7A,
2177200,000003A1,false,Rx,0,8,C3,FF,FF,B1,3E,00,10,80,
2226800,000003A1,false,Rx,0,8,08,4A,0C,0A,00,50,22,9A,
2276900,000003A1,false,Rx,0,8,C3,FF,FF,BB,3E,00,30,AA,
2326800,000003A1,false,Rx,0,8,08,4A,0C,0A,00,50,42,BA,
2376800,000003A1,false,Rx,0,8,C3,FF,FF,BB,3E,00,50,CA,
2426800,000003A1,false,Rx,0,8,08,4A,0C,0A,00,50,62,DA,
2476800,000003A1,false,Rx,0,8,C3,FF,FF,B1,3E,00,70,E0,
2527200,000003A1,false,Rx,0,8,08,4A,0C,0A,00,50,82,FA,
2576900,000003A1,false,Rx,0,8,C3,FF,FF,AF,3E,00,90,FE,
2626800,000003A1,false,Rx,0,8,08,4A,0C,0A,00,50,A2,1A,
2676900,000003A1,false,Rx,0,8,C3,FF,FF,BD,3E,00,B0,2C,
2726800,000003A1,false,Rx,0,8,08,4A,0C,0A,00,50,C2,3A,
2776900,000003A1,false,Rx,0,8,C3,FF,FF,A5,3E,00,D0,34,
2826900,000003A1,false,Rx,0,8,08,4A,0C,0A,00,50,E2,5A,
2877200,000003A1,false,Rx,0,8,C3,FF,FF,BF,3E,00,F0,6E,
2927100,000003A1,false,Rx,0,8,08,4A,0C,0A,00,50,02,7A,
2976900,000003A1,false,Rx,0,8,C3,FF,FF,B1,3E,00,10,80,
3026900,000003A1,false,Rx,0,8,08,4A,0C,0A,00,50,22,9A,
3077200,000003A1,false,Rx,0,8,C3,FF,FF,BF,3E,00,30,AE,
3126900,000003A1,false,Rx,0,8,08,4A,0C,0A,00,50,42,BA,
3177000,000003A1,false,Rx,0,8,C3,FF,FF,C3,3E,00,50,D2,
3227100,000003A1,false,Rx,0,8,08,4A,0C,0A,00,50,62,DA,
3277000,000003A1,false,Rx,0,8,C3,FF,FF,A1,3E,00,70,D0,
3327100,000003A1,false,Rx,0,8,08,4A,0C,0A,00,50,82,FA,
3377100,000003A1,false,Rx,0,8,C3,FF,FF,A7,3E,00,90,F6,
3426900,000003A1,false,Rx,0,8,08,4A,0C,0A,00,50,A2,1A,
3476900,000003A1,false,Rx,0,8,C3,FF,FF,B9,3E,00,B0,28,
3526900,000003A1,false,Rx,0,8,08,4A,0C,0A,00,50,C2,3A,
3577200,000003A1,false,Rx,0,8,C3,FF,FF,BD,3E,00,D0,4C,
3626900,000003A1,false,Rx,0,8,08,4A,0C,0A,00,50,E2,5A,
3677000,000003A1,false,Rx,0,8,C3,FF,FF,C5,3E,00,F0,74,
3727100,000003A1,false,Rx,0,8,08,4A,0C,0A,00,50,02,7A,
3777000,000003A1,false,Rx,0,8,C3,FF,FF,B1,3E,00,10,80,
3827200,000003A1,false,Rx,0,8,08,4A,0C,0A,00,50,22,9A,
3877000,000003A1,false,Rx,0,8,C3,FF,FF,B9,3E,00,30,A8,
3927200,000003A1,false,Rx,0,8,08,4A,0C,0A,00,50,42,BA,
3977000,000003A1,false,Rx,0,8,C3,FF,FF,B7,3E,00,50,C6,
4027200,000003A1,false,Rx,0,8,08,4A,0C,0A,00,50,62,DA,
4077000,000003A1,false,Rx,0,8,C3,FF,FF,C7,3E,00,70,F6,
4127200,000003A1,false,Rx,0,8,08,4A,0C,0A,00,50,82,FA,
4177000,000003A1,false,Rx,0,8,C3,FF,FF,AB,3E,00,90,FA,
4227000,000003A1,false,Rx,0,8,08,4A,0C,0A,00,50,A2,1A,
4277300,000003A1,false,Rx,0,8,C3,FF,FF,AB,3E,00,B0,1A,
4327000,000003A1,false,Rx,0,8,08,4A,0C,0A,00,50,C2,3A,
4377000,000003A1,false,Rx,0,8,C3,FF,FF,BB,3E,00,D0,4A,
4427000,000003A1,false,Rx,0,8,08,4A,0C,0A,00,50,E2,5A,
4476900,000003A1,false,Rx,0,8,C3,FF,FF,AD,3E,00,F0,5C,
4527200,000003A1,false,Rx,0,8,08,4A,0C,0A,00,50,02,7A,
4577000,000003A1,false,Rx,0,8,C3,FF,FF,BD,3E,00,10,8C,
4627200,000003A1,false,Rx,0,8,08,4A,0C,0A,00,50,22,9A,
4677000,000003A1,false,Rx,0,8,C3,FF,FF,B7,3E,00,30,A6,
4727000,000003A1,false,Rx,0,8,08,4A,0C,0A,00,50,42,BA,
4777000,000003A1,false,Rx,0,8,C3,FF,FF,B7,3E,00,50,C6,
4827000,000003A1,false,Rx,0,8,08,4A,0C,0A,00,50,62,DA,
4877000,000003A1,false,Rx,0,8,C3,FF,FF,BD,3E,00,70,EC,
4927200,000003A1,false,Rx,0,8,08,4A,0C,0A,00,50,82,FA,
4977500,000003A1,false,Rx,0,8,C3,FF,FF,A3,3E,00,90,F2,
5027000,000003A1,false,Rx,0,8,08,4A,0C,0A,00,50,A2,1A,
5077000,000003A1,false,Rx,0,8,C3,FF,FF,BB,3E,00,B0,2A,
5127000,000003A1,false,Rx,0,8,08,4A,0C,0A,00,50,C2,3A,
5177100,000003A1,false,Rx,0,8,C3,FF,FF,B3,3E,00,D0,42,
5227000,000003A1,false,Rx,0,8,08,4A,0C,0A,00,50,E2,5A,
5277000,000003A1,false,Rx,0,8,C3,FF,FF,BD,3E,00,F0,6C,
5327500,000003A1,false,Rx,0,8,08,4A,0C,0A,00,50,02,7A,
5377100,000003A1,false,Rx,0,8,C3,FF,FF,BD,3E,00,10,8C,
5427000,000003A1,false,Rx,0,8,08,4A,0C,0A,00,50,22,9A,
5477200,000003A1,false,Rx,0,8,C3,FF,FF,B7,3E,00,30,A6,
5527000,000003A1,false,Rx,0,8,08,4A,0C,0A,00,50,42,BA,
5577000,000003A1,false,Rx,0,8,C3,FF,FF,CF,3E,00,50,DE,
5627000,000003A1,false,Rx,0,8,08,4A,0C,0A,00,50,62,DA,
5677300,000003A1,false,Rx,0,8,C3,FF,FF,AD,3E,00,70,DC,
5727300,000003A1,false,Rx,0,8,08,4A,0C,0A,00,50,82,FA,
5777100,000003A1,false,Rx,0,8,C3,FF,FF,C5,3E,00,90,14,
5827100,000003A1,false,Rx,0,8,08,4A,0C,0A,00,50,A2,1A,
5877100,000003A1,false,Rx,0,8,C3,FF,FF,B3,3E,00,B0,22,
5927300,000003A1,false,Rx,0,8,08,4A,0C,0A,00,50,C2,3A,
5977100,000003A1,false,Rx,0,8,C3,FF,FF,B7,3E,00,D0,46,
6027300,000003A1,false,Rx,0,8,08,4A,0C,0A,00,50,E2,5A,
6077100,000003A1,false,Rx,0,8,C3,FF,FF,BB,3E,00,F0,6A,
6127300,000003A1,false,Rx,0,8,08,4A,0C,0A,00,50,02,7A,
6177100,000003A1,false,Rx,0,8,C3,FF,FF,B7,3E,00,10,86,
6227100,000003A1,false,Rx,0,8,08,4A,0C,0A,00,50,22,9A,
6277100,000003A1,false,Rx,0,8,C3,FF,FF,C7,3E,00,30,B6,
6327100,000003A1,false,Rx,0,8,08,4A,0C,0A,00,50,42,BA,
6378100,000003A1,false,Rx,0,8,C3,FF,FF,AB,3E,00,50,BA,
6427100,000003A1,false,Rx,0,8,08,4A,0C,0A,00,50,62,DA,
6477100,000003A1,false,Rx,0,8,C3,FF,FF,BF,3E,00,70,EE,
6527300,000003A1,false,Rx,0,8,08,4A,0C,0A,00,50,82,FA,
6577100,000003A1,false,Rx,0,8,C3,FF,FF,CF,3E,00,90,1E,
6627100,000003A1,false,Rx,0,8,08,4A,0C,0A,00,50,A2,1A,
6677100,000003A1,false,Rx,0,8,C3,FF,FF,B7,3E,00,B0,26,
6727400,000003A1,false,Rx,0,8,08,4A,0C,0A,00,50,C2,3A,
6777100,000003A1,false,Rx,0,8,C3,FF,FF,B9,3E,00,D0,48,
6827200,000003A1,false,Rx,0,8,08,4A,0C,0A,00,50,E2,5A,
6877400,000003A1,false,Rx,0,8,C3,FF,FF,B7,3E,00,F0,66,
6927400,000003A1,false,Rx,0,8,08,4A,0C,0A,00,50,02,7A,
6977300,000003A1,false,Rx,0,8,C3,FF,FF,C5,3E,00,10,94,
7027100,000003A1,false,Rx,0,8,08,4A,0C,0A,00,50,22,9A,
7077400,000003A1,false,Rx,0,8,C3,FF,FF,B3,3E,00,30,A2,
7127400,000003A1,false,Rx,0,8,08,4A,0C,0A,00,50,42,BA,
7177200,000003A1,false,Rx,0,8,C3,FF,FF,B7,3E,00,50,C6,
7227200,000003A1,false,Rx,0,8,08,4A,0C,0A,00,50,62,DA,
7277300,000003A1,false,Rx,0,8,C3,FF,FF,BD,3E,00,70,EC,
7327400,000003A1,false,Rx,0,8,08,4A,0C,0A,00,50,82,FA,
7377300,000003A1,false,Rx,0,8,C3,FF,FF,B1,3E,00,90,00,
7427300,000003A1,false,Rx,0,8,08,4A,0C,0A,00,50,A2,1A,
7477100,000003A1,false,Rx,0,8,C3,FF,FF,C7,3E,00,B0,36,
7527200,000003A1,false,Rx,0,8,08,4A,0C,0A,00,50,C2,3A,
7577200,000003A1,false,Rx,0,8,C3,FF,FF,BD,3E,00,D0,4C,
7627200,000003A1,false,Rx,0,8,08,4A,0C,0A,00,50,E2,5A,
7677300,000003A1,false,Rx,0,8,C3,FF,FF,A7,3E,00,F0,56,
7727400,000003A1,false,Rx,0,8,08,4A,0C,0A,00,50,02,7A,
7777400,000003A1,false,Rx,0,8,C3,FF,FF,BF,3E,00,10,8E,
7828400,000003A1,false,Rx,0,8,08,4A,0C,0A,00,50,22,9A,
7877200,000003A1,false,Rx,0,8,C3,FF,FF,BD,3E,00,30,AC,
7927200,000003A1,false,Rx,0,8,08,4A,0C,0A,00,50,42,BA,
7977400,000003A1,false,Rx,0,8,C3,FF,FF,BD,3E,00,50,CC,
8027200,000003A1,false,Rx,0,8,08,4A,0C,0A,00,50,62,DA,
8077200,000003A1,false,Rx,0,8,C3,FF,FF,BF,3E,00,70,EE,
8128400,000003A1,false,Rx,0,8,08,4A,0C,0A,00,50,82,FA,
8177200,000003A1,false,Rx,0,8,C3,FF,FF,B3,3E,00,90,02,
8227200,000003A1,false,Rx,0,8,08,4A,0C,0A,00,50,A2,1A,
8277200,000003A1,false,Rx,0,8,C3,FF,FF,BF,3E,00,B0,2E,
8327200,000003A1,false,Rx,0,8,08,4A,0C,0A,00,50,C2,3A,
8378900,000003A1,false,Rx,0,8,C3,FF,FF,B3,3E,00,D0,42,
8427200,000003A1,false,Rx,0,8,08,4A,0C,0A,00,4C,E2,56,
8477400,000003A1,false,Rx,0,8,C3,FF,FF,AD,3E,00,F0,5C,
8527400,000003A1,false,Rx,0,8,08,4A,0C,0A,00,50,02,7A,
8577200,000003A1,false,Rx,0,8,C3,FF,FF,BB,3E,00,10,8A,
8627200,000003A1,false,Rx,0,8,08,4A,0C,0A,00,50,22,9A,
8677400,000003A1,false,Rx,0,8,C3,FF,FF,C7,3E,00,30,B6,
8727200,000003A1,false,Rx,0,8,08,4A,0C,0A,00,50,42,BA,
8779600,000003A1,false,Rx,0,8,C3,FF,FF,B9,3E,00,50,C8,
8827400,000003A1,false,Rx,0,8,08,4A,0C,0A,00,50,62,DA,
8877200,000003A1,false,Rx,0,8,C3,FF,FF,B3,3E,00,70,E2,
8927400,000003A1,false,Rx,0,8,08,4A,0C,0A,00,50,82,FA,
8977300,000003A1,false,Rx,0,8,C3,FF,FF,BF,3E,00,90,0E,
9027200,000003A1,false,Rx,0,8,08,4A,0C,0A,00,50,A2,1A,
9077300,000003A1,false,Rx,0,8,C3,FF,FF,B9,3E,00,B0,28,
9127300,000003A1,false,Rx,0,8,08,4A,0C,0A,00,50,C2,3A,
9178200,000003A1,false,Rx,0,8,C3,FF,FF,C9,3E,00,D0,58,
9227300,000003A1,false,Rx,0,8,08,4A,0C,0A,00,50,E2,5A,
9277200,000003A1,false,Rx,0,8,C3,FF,FF,B3,3E,00,F0,62,
9328200,000003A1,false,Rx,0,8,08,4A,0C,0A,00,50,02,7A,
9377300,000003A1,false,Rx,0,8,C3,FF,FF,BF,3E,00,10,8E,
9427300,000003A1,false,Rx,0,8,08,4A,0C,0A,00,50,22,9A,
9477300,000003A1,false,Rx,0,8,C3,FF,FF,AF,3E,00,30,9E,
9528200,000003A1,false,Rx,0,8,08,4A,0C,0A,00,50,42,BA,
9577300,000003A1,false,Rx,0,8,C3,FF,FF,B3,3E,00,50,C2,
9627300,000003A1,false,Rx,0,8,08,4A,0C,0A,00,50,62,DA,
9677400,000003A1,false,Rx,0,8,C3,FF,FF,C9,3E,00,70,F8,
9728500,000003A1,false,Rx,0,8,08,4A,0C,0A,00,50,82,FA,
9777300,000003A1,false,Rx,0,8,C3,FF,FF,B3,3E,00,90,02,
9827300,000003A1,false,Rx,0,8,08,4A,0C,0A,00,50,A2,1A,
9878500,000003A1,false,Rx,0,8,C3,FF,FF,B7,3E,00,B0,26,
9927300,000003A1,false,Rx,0,8,08,4A,0C,0A,00,50,C2,3A,
9977400,000003A1,false,Rx,0,8,C3,FF,FF,B1,3E,00,D0,40,
10027300,000003A1,false,Rx,0,8,08,4A,0C,0A,00,50,E2,5A,
10077300,000003A1,false,Rx,0,8,C3,FF,FF,BF,3E,00,F0,6E,
10128300,000003A1,false,Rx,0,8,08,4A,0C,0A,00,50,02,7A,
10177300,000003A1,false,Rx,0,8,C3,FF,FF,BD,3E,00,10,8C,
10228200,000003A1,false,Rx,0,8,08,4A,0C,0A,00,50,22,9A,
10277300,000003A1,false,Rx,0,8,C3,FF,FF,B7,3E,00,30,A6,
10327400,000003A1,false,Rx,0,8,08,4A,0C,0A,00,50,42,BA,
10377400,000003A1,false,Rx,0,8,C3,FF,FF,BF,3E,00,50,CE,
10428300,000003A1,false,Rx,0,8,08,4A,0C,0A,00,50,62,DA,
10477300,000003A1,false,Rx,0,8,C3,FF,FF,AD,3E,00,70,DC,
10528300,000003A1,false,Rx,0,8,08,4A,0C,0A,00,50,82,FA,
10578500,000003A1,false,Rx,0,8,C3,FF,FF,B9,3E,00,90,08,
10627400,000003A1,false,Rx,0,8,08,4A,0C,0A,00,50,A2,1A,
10678700,000003A1,false,Rx,0,8,C3,FF,FF,B3,3E,00,B0,22,
10727400,000003A1,false,Rx,0,8,08,4A,0C,0A,00,50,C2,3A,
10777400,000003A1,false,Rx,0,8,C3,FF,FF,B7,3E,00,D0,46,
10827400,000003A1,false,Rx,0,8,08,4A,0C,0A,00,50,E2,5A,
10877400,000003A1,false,Rx,0,8,C3,FF,FF,BD,3E,00,F0,6C,
10928600,000003A1,false,Rx,0,8,08,4A,0C,0A,00,50,02,7A,
10978400,000003A1,false,Rx,0,8,C3,FF,FF,B3,3E,00,10,82,
11027400,000003A1,false,Rx,0,8,08,4A,0C,0A,00,50,22,9A,
11078100,000003A1,false,Rx,0,8,C3,FF,FF,B7,3E,00,30,A6,
11127400,000003A1,false,Rx,0,8,08,4A,0C,0A,00,50,42,BA,
11178300,000003A1,false,Rx,0,8,C3,FF,FF,AB,3E,00,50,BA,
11228100,000003A1,false,Rx,0,8,08,4A,0C,0A,00,50,62,DA,
11278600,000003A1,false,Rx,0,8,C3,FF,FF,B7,3E,00,70,E6,
11328400,000003A1,false,Rx,0,8,08,4A,0C,0A,00,50,82,FA,
11379100,000003A1,false,Rx,0,8,C3,FF,FF,D9,3E,00,90,28,
11428100,000003A1,false,Rx,0,8,08,4A,0C,0A,00,50,A2,1A,
11477400,000003A1,false,Rx,0,8,C3,FF,FF,AD,3E,00,B0,1C,
11528100,000003A1,false,Rx,0,8,08,4A,0C,0A,00,50,C2,3A,
11578400,000003A1,false,Rx,0,8,C3,FF,FF,A1,3E,00,D0,30,
11628600,000003A1,false,Rx,0,8,08,4A,0C,0A,00,50,E2,5A,
11678500,000003A1,false,Rx,0,8,C3,FF,FF,C7,3E,00,F0,76,
11728400,000003A1,false,Rx,0,8,08,4A,0C,0A,00,50,02,7A,
11778300,000003A1,false,Rx,0,8,C3,FF,FF,B7,3E,00,10,86,
11828100,000003A1,false,Rx,0,8,08,4A,0C,0A,00,50,22,9A,
11878300,000003A1,false,Rx,0,8,C3,FF,FF,C7,3E,00,30,B6,
11928100,000003A1,false,Rx,0,8,08,4A,0C,0A,00,50,42,BA,
11978800,000003A1,false,Rx,0,8,C3,FF,FF,AD,3E,00,50,BC,
12028100,000003A1,false,Rx,0,8,08,4A,0C,0A,00,50,62,DA,
12078100,000003A1,false,Rx,0,8,C3,FF,FF,B3,3E,00,70,E2,
12128400,000003A1,false,Rx,0,8,08,4A,0C,0A,00,50,82,FA,
12178300,000003A1,false,Rx,0,8,C3,FF,FF,C3,3E,00,90,12,
12228100,000003A1,false,Rx,0,8,08,4A,0C,0A,00,50,A2,1A,
12278500,000003A1,false,Rx,0,8,C3,FF,FF,A7,3E,00,B0,16,
12328400,000003A1,false,Rx,0,8,08,4A,0C,0A,00,50,C2,3A,
12378800,000003A1,false,Rx,0,8,C3,FF,FF,BF,3E,00,D0,4E,
12428100,000003A1,false,Rx,0,8,08,4A,0C,0A,00,50,E2,5A,
12478300,000003A1,false,Rx,0,8,C3,FF,FF,BB,3E,00,F0,6A,
12528400,000003A1,false,Rx,0,8,08,4A,0C,0A,00,50,02,7A,
12578500,000003A1,false,Rx,0,8,C3,FF,FF,BD,3E,00,10,8C,
12628100,000003A1,false,Rx,0,8,08,4A,0C,0A,00,50,22,9A,
12678500,000003A1,false,Rx,0,8,C3,FF,FF,BF,3E,00,30,AE,
12728100,000003A1,false,Rx,0,8,08,4A,0C,0A,00,50,42,BA,
12778100,000003A1,false,Rx,0,8,C3,FF,FF,AB,3E,00,50,BA,
12828100,000003A1,false,Rx,0,8,08,4A,0C,0A,00,50,62,DA,
12878300,000003A1,false,Rx,0,8,C3,FF,FF,B7,3E,00,70,E6,
12928300,000003A1,false,Rx,0,8,08,4A,0C,0A,00,50,82,FA,
12978300,000003A1,false,Rx,0,8,C3,FF,FF,BD,3E,00,90,0C,
13028300,000003A1,false,Rx,0,8,08,4A,0C,0A,00,50,A2,1A,
13078300,000003A1,false,Rx,0,8,C3,FF,FF,C9,3E,00,B0,38,
13128100,000003A1,false,Rx,0,8,08,4A,0C,0A,00,50,C2,3A,
13178300,000003A1,false,Rx,0,8,C3,FF,FF,BF,3E,00,D0,4E,
13228100,000003A1,false,Rx,0,8,08,4A,0C,0A,00,50,E2,5A,
13278300,000003A1,false,Rx,0,8,C3,FF,FF,A7,3E,00,F0,56,
13328300,000003A1,false,Rx,0,8,08,4A,0C,0A,00,50,02,7A,
13378600,000003A1,false,Rx,0,8,C3,FF,FF,BF,3E,00,10,8E,
13428100,000003A1,false,Rx,0,8,08,4A,0C,0A,00,50,22,9A,
13478300,000003A1,false,Rx,0,8,C3,FF,FF,C5,3E,00,30,B4,
13528300,000003A1,false,Rx,0,8,08,4A,0C,0A,00,50,42,BA,
13578100,000003A1,false,Rx,0,8,C3,FF,FF,BF,3E,00,50,CE,
13628100,000003A1,false,Rx,0,8,08,4A,0C,0A,00,50,62,DA,
13678300,000003A1,false,Rx,0,8,C3,FF,FF,B3,3E,00,70,E2,
13728500,000003A1,false,Rx,0,8,08,4A,0C,0A,00,50,82,FA,
13778300,000003A1,false,Rx,0,8,C3,FF,FF,AD,3E,00,90,FC,
13828100,000003A1,false,Rx,0,8,08,4A,0C,0A,00,50,A2,1A,
13878300,000003A1,false,Rx,0,8,C3,FF,FF,BD,3E,00,B0,2C,
13928100,000003A1,false,Rx,0,8,08,4A,0C,0A,00,50,C2,3A,
13978300,000003A1,false,Rx,0,8,C3,FF,FF,B3,3E,00,D0,42,
14028000,000003A1,false,Rx,0,8,08,4A,0C,0A,00,50,E2,5A,
14078600,000003A1,false,Rx,0,8,C3,FF,FF,BF,3E,00,F0,6E,
14128300,000003A1,false,Rx,0,8,08,4A,0C,0A,00,50,02,7A,
14178100,000003A1,false,Rx,0,8,C3,FF,FF,A7,3E,00,10,76,
14228000,000003A1,false,Rx,0,8,08,4A,0C,0A,00,50,22,9A,
14278600,000003A1,false,Rx,0,8,C3,FF,FF,B7,3E,00,30,A6,
14328200,000003A1,false,Rx,0,8,08,4A,0C,0A,00,50,42,BA,
14378200,000003A1,false,Rx,0,8,C3,FF,FF,B3,3E,00,50,C2,
14428400,000003A1,false,Rx,0,8,08,4A,0C,0A,00,50,62,DA,
14478500,000003A1,false,Rx,0,8,C3,FF,FF,99,3E,00,70,C8,
14528500,000003A1,false,Rx,0,8,08,4A,0C,0A,00,50,82,FA,
14578300,000003A1,false,Rx,0,8,C3,FF,FF,C9,3E,00,90,18,
14628000,000003A1,false,Rx,0,8,08,4A,0C,0A,00,50,A2,1A,
14678400,000003A1,false,Rx,0,8,C3,FF,FF,BB,3E,00,B0,2A,
14728000,000003A1,false,Rx,0,8,08,4A,0C,0A,00,50,C2,3A,
14778600,000003A1,false,Rx,0,8,C3,FF,FF,AD,3E,00,D0,3C,
14828000,000003A1,false,Rx,0,8,08,4A,0C,0A,00,50,E2,5A,
14878400,000003A1,false,Rx,0,8,C3,FF,FF,B1,3E,00,F0,60,
14928200,000003A1,false,Rx,0,8,08,4A,0C,0A,00,50,02,7A,
14978400,000003A1,false,Rx,0,8,C3,FF,FF,AD,3E,00,10,7C,
15028000,000003A1,false,Rx,0,8,08,4A,0C,0A,00,50,22,9A,
15078200,000003A1,false,Rx,0,8,C3,FF,FF,AB,3E,00,30,9A,
15128200,000003A1,false,Rx,0,8,08,4A,0C,0A,00,50,42,BA,
15178400,000003A1,false,Rx,0,8,C3,FF,FF,C7,3E,00,50,D6,
15227900,000003A1,false,Rx,0,8,08,4A,0C,0A,00,50,62,DA,
15278400,000003A1,false,Rx,0,8,C3,FF,FF,B3,3E,00,70,E2,
15328200,000003A1,false,Rx,0,8,08,4A,0C,0A,00,50,82,FA,
15378500,000003A1,false,Rx,0,8,C3,FF,FF,B3,3E,00,90,02,
15428200,000003A1,false,Rx,0,8,08,4A,0C,0A,00,50,A2,1A,
15478400,000003A1,false,Rx,0,8,C3,FF,FF,B1,3E,00,B0,20,
15527900,000003A1,false,Rx,0,8,08,4A,0C,0A,00,50,C2,3A,
15578200,000003A1,false,Rx,0,8,C3,FF,FF,BB,3E,00,D0,4A,
15627900,000003A1,false,Rx,0,8,08,4A,0C,0A,00,50,E2,5A,
15678400,000003A1,false,Rx,0,8,C3,FF,FF,B7,3E,00,F0,66,
15728200,000003A1,false,Rx,0,8,08,4A,0C,0A,00,50,02,7A,
15778200,000003A1,false,Rx,0,8,C3,FF,FF,BD,3E,00,10,8C,
15828400,000003A1,false,Rx,0,8,08,4A,0C,0A,00,50,22,9A,
15878200,000003A1,false,Rx,0,8,C3,FF,FF,B7,3E,00,30,A6,
15927900,000003A1,false,Rx,0,8,08,4A,0C,0A,00,50,42,BA,
15978400,000003A1,false,Rx,0,8,C3,FF,FF,BD,3E,00,50,CC,
16027900,000003A1,false,Rx,0,8,08,4A,0C,0A,00,50,62,DA,
16078400,000003A1,false,Rx,0,8,C3,FF,FF,C9,3E,00,70,F8,
16128200,000003A1,false,Rx,0,8,08,4A,0C,0A,00,50,82,FA,
16178400,000003A1,false,Rx,0,8,C3,FF,FF,AD,3E,00,90,FC,
16228000,000003A1,false,Rx,0,8,08,4A,0C,0A,00,50,A2,1A,
16278400,000003A1,false,Rx,0,8,C3,FF,FF,B3,3E,00,B0,22,
16327900,000003A1,false,Rx,0,8,08,4A,0C,0A,00,50,C2,3A,
16378700,000003A1,false,Rx,0,8,C3,FF,FF,A7,3E,00,D0,36,
16427900,000003A1,false,Rx,0,8,08,4A,0C,0A,00,50,E2,5A,
16478200,000003A1,false,Rx,0,8,C3,FF,FF,C3,3E,00,F0,72,
16528400,000003A1,false,Rx,0,8,08,4A,0C,0A,00,50,02,7A,
16578200,000003A1,false,Rx,0,8,C3,FF,FF,B3,3E,00,10,82,
16627900,000003A1,false,Rx,0,8,08,4A,0C,0A,00,50,22,9A,
16678500,000003A1,false,Rx,0,8,C3,FF,FF,A7,3E,00,30,96,
16728000,000003A1,false,Rx,0,8,08,4A,0C,0A,00,50,42,BA,
16778200,000003A1,false,Rx,0,8,C3,FF,FF,B1,3E,00,50,C0,
16828000,000003A1,false,Rx,0,8,08,4A,0C,0A,00,50,62,DA,
16878400,000003A1,false,Rx,0,8,C3,FF,FF,BB,3E,00,70,EA,
16928200,000003A1,false,Rx,0,8,08,4A,0C,0A,00,50,82,FA,
16978400,000003A1,false,Rx,0,8,C3,FF,FF,BB,3E,00,90,0A,
17028000,000003A1,false,Rx,0,8,08,4A,0C,0A,00,50,A2,1A,
17078200,000003A1,false,Rx,0,8,C3,FF,FF,B7,3E,00,B0,26,
17128000,000003A1,false,Rx,0,8,08,4A,0C,0A,00,50,C2,3A,
17178000,000003A1,false,Rx,0,8,C3,FF,FF,B1,3E,00,D0,40,
17228200,000003A1,false,Rx,0,8,08,4A,0C,0A,00,50,E2,5A,
17278400,000003A1,false,Rx,0,8,C3,FF,FF,B7,3E,00,F0,66,
17328600,000003A1,false,Rx,0,8,08,4A,0C,0A,00,50,02,7A,
17378800,000003A1,false,Rx,0,8,C3,FF,FF,B7,3E,00,10,86,
17428000,000003A1,false,Rx,0,8,08,4A,0C,0A,00,50,22,9A,
17477900,000003A1,false,Rx,0,8,C3,FF,FF,B9,3E,00,30,A8,
